id,tx,ty,tz,qx,qy,qz,qw,t
0,-25280.816406,-26635.052734,270.929962,0.009924,-0.009821,0.710730,0.703326,0.033333
1,-25280.816406,-26635.052734,270.929962,0.009924,-0.009821,0.710730,0.703326,0.066667
2,-25280.816406,-26635.052734,270.929962,0.009924,-0.009821,0.710730,0.703326,0.100000
3,-25280.816406,-26635.052734,270.929962,0.009924,-0.009821,0.710730,0.703326,0.133333
4,-25280.841797,-26632.468750,270.934814,0.009923,-0.009820,0.710730,0.703326,0.166667
5,-25280.919922,-26624.751953,270.949341,0.009920,-0.009817,0.710730,0.703327,0.200000
6,-25281.050781,-26611.947266,270.973419,0.009915,-0.009812,0.710729,0.703328,0.233333
7,-25281.230469,-26594.109375,271.006958,0.009908,-0.009805,0.710728,0.703329,0.266667
8,-25281.460938,-26571.281250,271.049896,0.009900,-0.009797,0.710726,0.703331,0.300000
9,-25281.742188,-26543.517578,271.102112,0.009889,-0.009786,0.710725,0.703333,0.333333
10,-25282.072266,-26510.865234,271.163513,0.009876,-0.009773,0.710723,0.703335,0.366667
11,-25282.451172,-26473.371094,271.234039,0.009862,-0.009759,0.710721,0.703337,0.400000
12,-25282.878906,-26431.087891,271.313568,0.009845,-0.009743,0.710718,0.703340,0.433333
13,-25283.353516,-26384.064453,271.402008,0.009827,-0.009725,0.710716,0.703344,0.466667
14,-25283.876953,-26332.347656,271.499268,0.009807,-0.009705,0.710712,0.703347,0.500000
15,-25284.445312,-26275.988281,271.605255,0.009785,-0.009684,0.710709,0.703351,0.533333
16,-25285.062500,-26215.033203,271.719879,0.009761,-0.009660,0.710706,0.703355,0.566667
17,-25285.724609,-26149.535156,271.843079,0.009736,-0.009635,0.710702,0.703360,0.600000
18,-25286.431641,-26079.541016,271.974701,0.009709,-0.009609,0.710698,0.703365,0.633333
19,-25287.183594,-26005.099609,272.114716,0.009680,-0.009580,0.710693,0.703370,0.666667
20,-25287.980469,-25926.261719,272.262970,0.009649,-0.009550,0.710689,0.703376,0.700000
21,-25288.822266,-25843.076172,272.419434,0.009617,-0.009518,0.710684,0.703381,0.733333
22,-25289.707031,-25755.589844,272.583954,0.009583,-0.009485,0.710679,0.703388,0.766667
23,-25290.634766,-25663.853516,272.756500,0.009548,-0.009450,0.710673,0.703394,0.800000
24,-25291.603516,-25567.917969,272.936920,0.009510,-0.009413,0.710668,0.703401,0.833333
25,-25292.615234,-25467.830078,273.125153,0.009472,-0.009375,0.710662,0.703408,0.866667
26,-25293.667969,-25363.638672,273.321106,0.009431,-0.009335,0.710656,0.703415,0.900000
27,-25294.763672,-25255.394531,273.524689,0.009389,-0.009294,0.710649,0.703422,0.933333
28,-25295.896484,-25143.144531,273.735779,0.009346,-0.009251,0.710643,0.703430,0.966667
29,-25297.072266,-25026.941406,273.954346,0.009301,-0.009206,0.710636,0.703438,1.000000
30,-25298.287109,-24906.832031,274.180237,0.009254,-0.009160,0.710629,0.703447,1.033333
31,-25299.539062,-24782.863281,274.413361,0.009206,-0.009113,0.710622,0.703455,1.066667
32,-25300.832031,-24655.089844,274.653687,0.009156,-0.009064,0.710614,0.703464,1.100000
33,-25302.160156,-24523.554688,274.901062,0.009105,-0.009014,0.710606,0.703473,1.133333
34,-25303.527344,-24388.312500,275.155396,0.009053,-0.008962,0.710598,0.703483,1.166667
35,-25304.931641,-24249.410156,275.416626,0.008999,-0.008909,0.710590,0.703492,1.200000
36,-25306.373047,-24106.894531,275.684662,0.008944,-0.008855,0.710582,0.703502,1.233333
37,-25307.849609,-23960.818359,275.959381,0.008887,-0.008799,0.710573,0.703512,1.266667
38,-25309.361328,-23811.228516,276.240723,0.008829,-0.008742,0.710564,0.703523,1.300000
39,-25310.908203,-23658.173828,276.528564,0.008770,-0.008683,0.710555,0.703533,1.333333
40,-25312.490234,-23501.705078,276.822845,0.008709,-0.008623,0.710546,0.703544,1.366667
41,-25314.105469,-23341.871094,277.123444,0.008647,-0.008562,0.710537,0.703555,1.400000
42,-25315.755859,-23178.720703,277.430267,0.008584,-0.008500,0.710527,0.703566,1.433333
43,-25317.437500,-23012.302734,277.743256,0.008519,-0.008436,0.710517,0.703578,1.466667
44,-25319.152344,-22842.666016,278.062286,0.008454,-0.008371,0.710507,0.703589,1.500000
45,-25320.898438,-22669.861328,278.387299,0.008387,-0.008305,0.710497,0.703601,1.533333
46,-25322.677734,-22493.935547,278.718170,0.008319,-0.008238,0.710486,0.703614,1.566667
47,-25324.486328,-22314.939453,279.054779,0.008249,-0.008170,0.710476,0.703626,1.600000
48,-25326.326172,-22132.921875,279.397125,0.008179,-0.008100,0.710465,0.703638,1.633333
49,-25328.197266,-21947.931641,279.745026,0.008107,-0.008029,0.710454,0.703651,1.666667
50,-25330.095703,-21760.017578,280.098419,0.008034,-0.007957,0.710443,0.703664,1.700000
51,-25332.025391,-21569.230469,280.457245,0.007960,-0.007884,0.710431,0.703677,1.733333
52,-25333.982422,-21375.617188,280.821381,0.007885,-0.007810,0.710420,0.703691,1.766667
53,-25335.966797,-21179.226562,281.190735,0.007809,-0.007735,0.710408,0.703704,1.800000
54,-25337.980469,-20980.111328,281.565216,0.007732,-0.007659,0.710396,0.703718,1.833333
55,-25340.019531,-20778.316406,281.944702,0.007654,-0.007582,0.710384,0.703732,1.866667
56,-25342.085938,-20573.894531,282.329163,0.007574,-0.007504,0.710372,0.703746,1.900000
57,-25344.179688,-20366.892578,282.718475,0.007494,-0.007425,0.710360,0.703760,1.933333
58,-25346.296875,-20157.359375,283.112549,0.007413,-0.007344,0.710347,0.703774,1.966667
59,-25348.439453,-19945.345703,283.511292,0.007331,-0.007263,0.710334,0.703789,2.000000
60,-25350.607422,-19730.902344,283.914581,0.007248,-0.007181,0.710322,0.703803,2.033333
61,-25352.798828,-19514.074219,284.322388,0.007164,-0.007098,0.710309,0.703818,2.066667
62,-25355.015625,-19294.910156,284.734558,0.007079,-0.007014,0.710295,0.703833,2.100000
63,-25357.253906,-19073.462891,285.151031,0.006993,-0.006930,0.710282,0.703848,2.133333
64,-25359.515625,-18849.781250,285.571716,0.006906,-0.006844,0.710269,0.703863,2.166667
65,-25361.798828,-18623.912109,285.996490,0.006819,-0.006758,0.710255,0.703879,2.200000
66,-25364.103516,-18395.904297,286.425323,0.006731,-0.006670,0.710241,0.703894,2.233333
67,-25366.429688,-18165.808594,286.858063,0.006641,-0.006582,0.710228,0.703910,2.266667
68,-25368.775391,-17933.675781,287.294617,0.006552,-0.006494,0.710214,0.703926,2.300000
69,-25371.142578,-17699.552734,287.734955,0.006461,-0.006404,0.710199,0.703942,2.333333
70,-25373.527344,-17463.488281,288.178925,0.006369,-0.006314,0.710185,0.703958,2.366667
71,-25375.933594,-17225.531250,288.626434,0.006277,-0.006223,0.710171,0.703974,2.400000
72,-25378.357422,-16985.734375,289.077423,0.006184,-0.006131,0.710156,0.703990,2.433333
73,-25380.800781,-16744.140625,289.531769,0.006091,-0.006038,0.710142,0.704007,2.466667
74,-25383.259766,-16500.804688,289.989441,0.005997,-0.005945,0.710127,0.704023,2.500000
75,-25385.736328,-16255.774414,290.450256,0.005902,-0.005851,0.710112,0.704040,2.533333
76,-25388.230469,-16009.098633,290.914185,0.005806,-0.005757,0.710097,0.704056,2.566667
77,-25390.740234,-15760.824219,291.381104,0.005710,-0.005662,0.710082,0.704073,2.600000
78,-25393.265625,-15511.002930,291.850952,0.005613,-0.005566,0.710067,0.704090,2.633333
79,-25395.804688,-15259.681641,292.323608,0.005516,-0.005470,0.710051,0.704107,2.666667
80,-25398.361328,-15006.914062,292.798981,0.005418,-0.005373,0.710036,0.704124,2.700000
81,-25400.929688,-14752.743164,293.277008,0.005320,-0.005276,0.710021,0.704141,2.733333
82,-25403.513672,-14497.222656,293.757568,0.005221,-0.005178,0.710005,0.704158,2.766667
83,-25406.109375,-14240.398438,294.240570,0.005122,-0.005080,0.709989,0.704175,2.800000
84,-25408.718750,-13982.324219,294.725922,0.005022,-0.004981,0.709974,0.704193,2.833333
85,-25411.339844,-13723.042969,295.213562,0.004921,-0.004881,0.709958,0.704210,2.866667
86,-25413.972656,-13462.610352,295.703369,0.004821,-0.004782,0.709942,0.704228,2.900000
87,-25416.615234,-13201.069336,296.195221,0.004719,-0.004682,0.709926,0.704245,2.933333
88,-25419.269531,-12938.474609,296.689087,0.004618,-0.004581,0.709910,0.704263,2.966667
89,-25421.935547,-12674.869141,297.184845,0.004516,-0.004480,0.709893,0.704280,3.000000
90,-25424.609375,-12410.307617,297.682404,0.004413,-0.004379,0.709877,0.704298,3.033333
91,-25427.292969,-12144.837891,298.181671,0.004311,-0.004277,0.709861,0.704316,3.066667
92,-25429.986328,-11878.507812,298.682556,0.004208,-0.004175,0.709844,0.704334,3.100000
93,-25432.685547,-11611.367188,299.184967,0.004104,-0.004073,0.709828,0.704351,3.133333
94,-25435.394531,-11343.463867,299.688843,0.004001,-0.003970,0.709811,0.704369,3.166667
95,-25438.109375,-11074.846680,300.194031,0.003897,-0.003867,0.709795,0.704387,3.200000
96,-25440.830078,-10805.571289,300.700439,0.003792,-0.003764,0.709778,0.704405,3.233333
97,-25443.560547,-10535.678711,301.208038,0.003688,-0.003660,0.709761,0.704423,3.266667
98,-25446.292969,-10265.220703,301.716675,0.003583,-0.003557,0.709745,0.704441,3.300000
99,-25449.033203,-9994.248047,302.226288,0.003479,-0.003453,0.709728,0.704459,3.333333
100,-25451.775391,-9722.808594,302.736786,0.003374,-0.003349,0.709711,0.704477,3.366667
101,-25454.523438,-9450.951172,303.248077,0.003268,-0.003245,0.709694,0.704495,3.400000
102,-25457.275391,-9178.722656,303.760040,0.003163,-0.003140,0.709677,0.704513,3.433333
103,-25460.031250,-8906.179688,304.272644,0.003058,-0.003036,0.709660,0.704531,3.466667
104,-25462.789062,-8633.363281,304.785706,0.002952,-0.002931,0.709643,0.704549,3.500000
105,-25465.548828,-8360.326172,305.299225,0.002847,-0.002826,0.709626,0.704567,3.533333
106,-25468.310547,-8087.115234,305.813049,0.002741,-0.002722,0.709609,0.704585,3.566667
107,-25471.074219,-7813.783203,306.327087,0.002635,-0.002617,0.709592,0.704603,3.600000
108,-25473.837891,-7540.378906,306.841309,0.002530,-0.002512,0.709575,0.704621,3.633333
109,-25476.601562,-7266.951172,307.355530,0.002424,-0.002407,0.709558,0.704639,3.666667
110,-25479.365234,-6993.544922,307.869720,0.002318,-0.002302,0.709541,0.704657,3.700000
111,-25482.128906,-6720.212891,308.383759,0.002213,-0.002198,0.709524,0.704675,3.733333
112,-25484.890625,-6447.003906,308.897583,0.002107,-0.002093,0.709506,0.704693,3.766667
113,-25487.650391,-6173.964844,309.411102,0.002002,-0.001988,0.709489,0.704711,3.800000
114,-25490.408203,-5901.150391,309.924194,0.001896,-0.001883,0.709472,0.704728,3.833333
115,-25493.162109,-5628.603516,310.436768,0.001791,-0.001779,0.709455,0.704746,3.866667
116,-25495.916016,-5356.376953,310.948730,0.001686,-0.001674,0.709438,0.704764,3.900000
117,-25498.662109,-5084.523438,311.460022,0.001580,-0.001570,0.709421,0.704782,3.933333
118,-25501.408203,-4813.082031,311.970520,0.001476,-0.001466,0.709403,0.704800,3.966667
119,-25504.146484,-4542.107422,312.480133,0.001371,-0.001362,0.709386,0.704817,4.000000
120,-25506.880859,-4271.652344,312.988770,0.001266,-0.001258,0.709369,0.704835,4.033333
121,-25509.609375,-4001.757812,313.496368,0.001162,-0.001155,0.709352,0.704852,4.066667
122,-25512.330078,-3732.478516,314.002808,0.001058,-0.001051,0.709335,0.704870,4.100000
123,-25515.046875,-3463.863281,314.507996,0.000954,-0.000948,0.709318,0.704887,4.133333
124,-25517.753906,-3195.960938,315.011841,0.000851,-0.000846,0.709301,0.704905,4.166667
125,-25520.453125,-2928.822266,315.514252,0.000748,-0.000743,0.709284,0.704922,4.200000
126,-25523.146484,-2662.490234,316.015137,0.000645,-0.000641,0.709267,0.704939,4.233333
127,-25525.830078,-2397.019531,316.514404,0.000542,-0.000539,0.709250,0.704956,4.266667
128,-25528.503906,-2132.458984,317.011963,0.000440,-0.000437,0.709233,0.704973,4.300000
129,-25531.169922,-1868.853516,317.507690,0.000338,-0.000336,0.709217,0.704990,4.333333
130,-25533.822266,-1606.257812,318.001556,0.000237,-0.000235,0.709200,0.705007,4.366667
131,-25536.468750,-1344.716797,318.493439,0.000136,-0.000135,0.709183,0.705024,4.400000
132,-25539.099609,-1084.281250,318.983246,0.000035,-0.000035,0.709166,0.705041,4.433333
133,-25541.720703,-825.003906,319.470886,-0.000065,0.000065,0.709150,0.705058,4.466667
134,-25544.330078,-566.931641,319.956238,-0.000165,0.000164,0.709133,0.705074,4.500000
135,-25546.925781,-310.107422,320.439270,-0.000264,0.000262,0.709117,0.705091,4.533333
136,-25549.509766,-54.585938,320.919800,-0.000362,0.000360,0.709101,0.705107,4.566667
137,-25552.078125,199.585938,321.397827,-0.000461,0.000458,0.709084,0.705124,4.600000
138,-25554.634766,452.355469,321.873199,-0.000558,0.000555,0.709068,0.705140,4.633333
139,-25557.173828,703.675781,322.345856,-0.000655,0.000652,0.709052,0.705156,4.666667
140,-25559.699219,953.496094,322.815704,-0.000752,0.000748,0.709036,0.705172,4.700000
141,-25562.208984,1201.765625,323.282623,-0.000847,0.000843,0.709020,0.705188,4.733333
142,-25564.703125,1448.443359,323.746552,-0.000943,0.000938,0.709004,0.705203,4.766667
143,-25567.179688,1693.476562,324.207397,-0.001037,0.001032,0.708988,0.705219,4.800000
144,-25569.638672,1936.812500,324.665039,-0.001131,0.001125,0.708972,0.705235,4.833333
145,-25572.082031,2178.406250,325.119385,-0.001224,0.001218,0.708957,0.705250,4.866667
146,-25574.505859,2418.205078,325.570374,-0.001317,0.001310,0.708941,0.705265,4.900000
147,-25576.912109,2656.162109,326.017883,-0.001409,0.001402,0.708926,0.705280,4.933333
148,-25579.296875,2892.224609,326.461853,-0.001500,0.001492,0.708910,0.705295,4.966667
149,-25581.664062,3126.345703,326.902191,-0.001590,0.001582,0.708895,0.705310,5.000000
150,-25584.009766,3358.478516,327.338776,-0.001680,0.001671,0.708880,0.705325,5.033333
151,-25586.335938,3588.574219,327.771484,-0.001769,0.001760,0.708865,0.705340,5.066667
152,-25588.640625,3816.582031,328.200317,-0.001857,0.001847,0.708850,0.705354,5.100000
153,-25590.923828,4042.453125,328.625092,-0.001944,0.001934,0.708836,0.705368,5.133333
154,-25593.185547,4266.134766,329.045776,-0.002030,0.002020,0.708821,0.705382,5.166667
155,-25595.423828,4487.583984,329.462280,-0.002115,0.002105,0.708807,0.705396,5.200000
156,-25597.638672,4706.742188,329.874420,-0.002200,0.002189,0.708792,0.705410,5.233333
157,-25599.832031,4923.570312,330.282227,-0.002284,0.002273,0.708778,0.705424,5.266667
158,-25601.998047,5138.015625,330.685516,-0.002366,0.002355,0.708764,0.705437,5.300000
159,-25604.142578,5350.029297,331.084229,-0.002448,0.002437,0.708750,0.705451,5.333333
160,-25606.261719,5559.564453,331.478333,-0.002529,0.002517,0.708737,0.705464,5.366667
161,-25608.353516,5766.566406,331.867615,-0.002609,0.002597,0.708723,0.705477,5.400000
162,-25610.419922,5970.990234,332.252075,-0.002688,0.002675,0.708710,0.705490,5.433333
163,-25612.458984,6172.787109,332.631592,-0.002765,0.002753,0.708697,0.705503,5.466667
164,-25614.472656,6371.896484,333.006104,-0.002842,0.002829,0.708684,0.705515,5.500000
165,-25616.457031,6568.287109,333.375427,-0.002918,0.002905,0.708671,0.705527,5.533333
166,-25618.414062,6761.900391,333.739563,-0.002993,0.002979,0.708658,0.705540,5.566667
167,-25620.341797,6952.689453,334.098358,-0.003066,0.003053,0.708645,0.705551,5.600000
168,-25622.244141,7140.603516,334.451813,-0.003139,0.003125,0.708633,0.705563,5.633333
169,-25624.111328,7325.595703,334.799713,-0.003210,0.003196,0.708621,0.705575,5.666667
170,-25625.951172,7507.611328,335.142029,-0.003280,0.003266,0.708609,0.705586,5.700000
171,-25627.763672,7686.607422,335.478668,-0.003349,0.003335,0.708597,0.705597,5.733333
172,-25629.539062,7862.529297,335.809509,-0.003417,0.003403,0.708586,0.705608,5.766667
173,-25631.287109,8035.333984,336.134521,-0.003484,0.003469,0.708574,0.705619,5.800000
174,-25633.001953,8204.970703,336.453552,-0.003549,0.003534,0.708563,0.705630,5.833333
175,-25634.683594,8371.392578,336.766541,-0.003613,0.003598,0.708552,0.705640,5.866667
176,-25636.333984,8534.544922,337.073364,-0.003676,0.003661,0.708541,0.705650,5.900000
177,-25637.951172,8694.376953,337.373962,-0.003738,0.003722,0.708531,0.705660,5.933333
178,-25639.531250,8850.845703,337.668243,-0.003798,0.003783,0.708520,0.705670,5.966667
179,-25641.080078,9003.900391,337.956055,-0.003857,0.003842,0.708510,0.705680,6.000000
180,-25642.589844,9153.486328,338.237427,-0.003915,0.003899,0.708500,0.705689,6.033333
181,-25644.068359,9299.564453,338.512146,-0.003971,0.003955,0.708491,0.705698,6.066667
182,-25645.507812,9442.080078,338.780182,-0.004026,0.004010,0.708481,0.705707,6.100000
183,-25646.912109,9580.982422,339.041382,-0.004079,0.004063,0.708472,0.705715,6.133333
184,-25648.277344,9716.228516,339.295776,-0.004131,0.004116,0.708463,0.705724,6.166667
185,-25649.607422,9847.759766,339.543152,-0.004182,0.004166,0.708454,0.705732,6.200000
186,-25650.900391,9975.537109,339.783447,-0.004231,0.004215,0.708446,0.705740,6.233333
187,-25652.152344,10099.505859,340.016602,-0.004279,0.004263,0.708438,0.705748,6.266667
188,-25653.367188,10219.611328,340.242493,-0.004325,0.004309,0.708430,0.705755,6.300000
189,-25654.541016,10335.814453,340.460999,-0.004370,0.004354,0.708422,0.705762,6.333333
190,-25655.675781,10448.064453,340.672150,-0.004414,0.004397,0.708414,0.705769,6.366667
191,-25656.769531,10556.310547,340.875702,-0.004455,0.004439,0.708407,0.705776,6.400000
192,-25657.824219,10660.501953,341.071655,-0.004495,0.004479,0.708400,0.705782,6.433333
193,-25658.837891,10760.587891,341.259888,-0.004534,0.004517,0.708394,0.705789,6.466667
194,-25659.804688,10856.525391,341.440308,-0.004571,0.004554,0.708387,0.705794,6.500000
195,-25660.732422,10948.259766,341.612854,-0.004606,0.004589,0.708381,0.705800,6.533333
196,-25661.615234,11035.744141,341.777374,-0.004640,0.004623,0.708375,0.705806,6.566667
197,-25662.457031,11118.935547,341.933838,-0.004672,0.004655,0.708370,0.705811,6.600000
198,-25663.255859,11197.775391,342.082092,-0.004702,0.004685,0.708365,0.705816,6.633333
199,-25664.007812,11272.212891,342.222076,-0.004731,0.004714,0.708360,0.705820,6.666667
200,-25664.714844,11342.208984,342.353760,-0.004758,0.004741,0.708355,0.705824,6.700000
201,-25665.376953,11407.705078,342.476929,-0.004783,0.004766,0.708351,0.705828,6.733333
202,-25665.994141,11468.662109,342.591553,-0.004807,0.004790,0.708346,0.705832,6.766667
203,-25666.562500,11525.017578,342.697571,-0.004828,0.004811,0.708343,0.705836,6.800000
204,-25667.085938,11576.736328,342.794800,-0.004848,0.004831,0.708339,0.705839,6.833333
205,-25667.562500,11623.759766,342.883240,-0.004867,0.004849,0.708336,0.705842,6.866667
206,-25667.988281,11666.044922,342.962769,-0.004883,0.004866,0.708333,0.705844,6.900000
207,-25668.367188,11703.537109,343.033325,-0.004897,0.004880,0.708331,0.705847,6.933333
208,-25668.697266,11736.189453,343.094727,-0.004910,0.004893,0.708329,0.705849,6.966667
209,-25668.978516,11763.947266,343.146912,-0.004921,0.004903,0.708327,0.705850,7.000000
210,-25669.208984,11786.783203,343.189819,-0.004929,0.004912,0.708325,0.705852,7.033333
211,-25669.388672,11804.619141,343.223389,-0.004936,0.004919,0.708324,0.705853,7.066667
212,-25669.519531,11817.423828,343.247498,-0.004941,0.004924,0.708323,0.705854,7.100000
213,-25669.595703,11825.142578,343.261963,-0.004944,0.004927,0.708323,0.705854,7.133333
214,-25669.623047,11827.723633,343.266846,-0.004945,0.004928,0.708323,0.705854,7.166667
215,-25669.623047,11827.723633,343.266846,-0.004959,0.004914,0.710317,0.703848,7.200000
216,-25669.623047,11827.723633,343.266846,-0.004996,0.004876,0.715628,0.698447,7.233333
217,-25669.623047,11827.723633,343.266846,-0.005049,0.004821,0.723233,0.690569,7.266667
218,-25669.623047,11827.723633,343.266846,-0.005111,0.004755,0.732120,0.681140,7.300000
219,-25669.623047,11827.723633,343.266846,-0.005175,0.004685,0.741311,0.671126,7.333333
220,-25669.623047,11827.723633,343.266846,-0.005235,0.004618,0.749880,0.661537,7.366667
221,-25669.623047,11827.723633,343.266846,-0.005285,0.004562,0.756952,0.653433,7.400000
222,-25667.636719,11837.489258,343.723114,-0.005321,0.004505,0.763188,0.646139,7.433333
223,-25661.916016,11866.055664,345.037445,-0.005345,0.004432,0.769755,0.638301,7.466667
224,-25652.814453,11912.326172,347.128143,-0.005358,0.004347,0.776577,0.629985,7.500000
225,-25640.689453,11975.205078,349.913452,-0.005361,0.004250,0.783577,0.621257,7.533333
226,-25625.898438,12053.593750,353.311676,-0.005353,0.004144,0.790685,0.612186,7.566667
227,-25608.792969,12146.397461,357.241058,-0.005335,0.004031,0.797829,0.602846,7.600000
228,-25589.732422,12252.518555,361.619904,-0.005308,0.003913,0.804946,0.593311,7.633333
229,-25569.072266,12370.861328,366.366516,-0.005274,0.003791,0.811972,0.583660,7.666667
230,-25547.164062,12500.328125,371.399139,-0.005231,0.003667,0.818849,0.573974,7.700000
231,-25524.369141,12639.823242,376.636078,-0.005183,0.003543,0.825521,0.564336,7.733333
232,-25501.039062,12788.250000,381.995575,-0.005129,0.003421,0.831939,0.554832,7.766667
233,-25477.531250,12944.511719,387.395935,-0.005072,0.003302,0.838056,0.545551,7.800000
234,-25454.201172,13107.512695,392.755432,-0.005011,0.003187,0.843826,0.536584,7.833333
235,-25431.404297,13276.154297,397.992371,-0.004950,0.003078,0.849211,0.528022,7.866667
236,-25409.498047,13449.341797,403.024994,-0.004888,0.002976,0.854172,0.519960,7.900000
237,-25388.835938,13625.979492,407.771606,-0.004828,0.002882,0.858674,0.512491,7.933333
238,-25369.773438,13804.966797,412.150482,-0.004771,0.002797,0.862685,0.505712,7.966667
239,-25352.669922,13985.210938,416.079865,-0.004719,0.002722,0.866171,0.499718,8.000000
240,-25337.876953,14165.615234,419.478088,-0.004672,0.002659,0.869102,0.494605,8.033333
241,-25325.753906,14345.079102,422.263367,-0.004634,0.002608,0.871444,0.490467,8.066667
242,-25316.652344,14522.510742,424.354065,-0.004604,0.002570,0.873164,0.487398,8.100000
243,-25310.931641,14696.811523,425.668396,-0.004586,0.002547,0.874226,0.485491,8.133333
244,-25308.945312,14866.885742,426.124664,-0.004579,0.002539,0.874590,0.484835,8.166667
245,-25313.435547,15036.041016,426.092224,-0.004579,0.002539,0.874593,0.484830,8.200000
246,-25326.722656,15208.230469,425.996307,-0.004579,0.002539,0.874601,0.484815,8.233333
247,-25348.537109,15383.326172,425.838928,-0.004580,0.002538,0.874614,0.484792,8.266667
248,-25378.607422,15561.196289,425.622162,-0.004580,0.002538,0.874631,0.484760,8.300000
249,-25416.662109,15741.712891,425.348022,-0.004580,0.002538,0.874653,0.484722,8.333333
250,-25462.427734,15924.745117,425.018585,-0.004580,0.002538,0.874677,0.484677,8.366667
251,-25515.636719,16110.164062,424.635895,-0.004580,0.002538,0.874705,0.484628,8.400000
252,-25576.015625,16297.839844,424.201996,-0.004580,0.002537,0.874734,0.484575,8.433333
253,-25643.291016,16487.642578,423.718964,-0.004580,0.002537,0.874765,0.484519,8.466667
254,-25717.195312,16679.443359,423.188782,-0.004580,0.002537,0.874798,0.484460,8.500000
255,-25797.455078,16873.111328,422.613556,-0.004581,0.002536,0.874831,0.484401,8.533333
256,-25883.800781,17068.517578,421.995300,-0.004581,0.002536,0.874864,0.484341,8.566667
257,-25975.957031,17265.531250,421.336121,-0.004581,0.002536,0.874896,0.484282,8.600000
258,-26073.658203,17464.025391,420.637970,-0.004581,0.002535,0.874928,0.484225,8.633333
259,-26176.626953,17663.867188,419.902985,-0.004581,0.002535,0.874958,0.484171,8.666667
260,-26284.595703,17864.929688,419.133179,-0.004581,0.002535,0.874986,0.484120,8.700000
261,-26397.292969,18067.082031,418.330597,-0.004582,0.002535,0.875012,0.484073,8.733333
262,-26514.445312,18270.193359,417.497284,-0.004582,0.002534,0.875034,0.484033,8.766667
263,-26635.783203,18474.134766,416.635284,-0.004582,0.002534,0.875053,0.483999,8.800000
264,-26761.035156,18678.777344,415.746674,-0.004582,0.002534,0.875068,0.483972,8.833333
265,-26889.927734,18883.992188,414.833466,-0.004582,0.002534,0.875078,0.483954,8.866667
266,-27022.193359,19089.648438,413.897736,-0.004582,0.002534,0.875083,0.483945,8.900000
267,-27157.558594,19295.613281,412.941528,-0.004582,0.002534,0.875082,0.483946,8.933333
268,-27295.750000,19501.763672,411.966888,-0.004582,0.002534,0.875075,0.483959,8.966667
269,-27436.498047,19707.966797,410.975861,-0.004582,0.002534,0.875061,0.483984,9.000000
270,-27579.533203,19914.089844,409.970490,-0.004582,0.002534,0.875040,0.484022,9.033333
271,-27724.582031,20120.007812,408.952850,-0.004582,0.002535,0.875011,0.484074,9.066667
272,-27871.373047,20325.589844,407.924927,-0.004581,0.002535,0.874974,0.484141,9.100000
273,-28019.634766,20530.703125,406.888855,-0.004581,0.002535,0.874928,0.484225,9.133333
274,-28169.097656,20735.222656,405.846619,-0.004581,0.002536,0.874872,0.484325,9.166667
275,-28319.488281,20939.015625,404.800293,-0.004581,0.002537,0.874807,0.484444,9.200000
276,-28470.535156,21141.953125,403.751892,-0.004580,0.002537,0.874731,0.484581,9.233333
277,-28621.970703,21343.906250,402.703491,-0.004580,0.002538,0.874644,0.484738,9.266667
278,-28773.517578,21544.746094,401.657196,-0.004579,0.002539,0.874545,0.484916,9.300000
279,-28924.910156,21744.337891,400.614929,-0.004579,0.002540,0.874434,0.485116,9.333333
280,-29075.873047,21942.558594,399.578857,-0.004578,0.002541,0.874311,0.485338,9.366667
281,-29226.136719,22139.275391,398.550934,-0.004577,0.002543,0.874174,0.485585,9.400000
282,-29375.429688,22334.359375,397.533295,-0.004576,0.002544,0.874024,0.485855,9.433333
283,-29523.478516,22527.679688,396.527924,-0.004576,0.002546,0.873859,0.486152,9.466667
284,-29670.015625,22719.107422,395.536896,-0.004575,0.002547,0.873679,0.486474,9.500000
285,-29814.765625,22908.513672,394.562225,-0.004574,0.002549,0.873484,0.486824,9.533333
286,-29957.460938,23095.765625,393.606049,-0.004572,0.002551,0.873273,0.487203,9.566667
287,-30097.828125,23280.738281,392.670288,-0.004571,0.002553,0.873045,0.487611,9.600000
288,-30235.593750,23463.298828,391.757111,-0.004570,0.002555,0.872801,0.488049,9.633333
289,-30370.494141,23643.320312,390.868500,-0.004569,0.002558,0.872538,0.488518,9.666667
290,-30502.248047,23820.667969,390.006500,-0.004567,0.002561,0.872257,0.489019,9.700000
291,-30630.589844,23995.216797,389.173187,-0.004566,0.002563,0.871958,0.489553,9.733333
292,-30755.248047,24166.835938,388.370605,-0.004564,0.002566,0.871638,0.490121,9.766667
293,-30875.947266,24335.394531,387.600800,-0.004562,0.002569,0.871299,0.490724,9.800000
294,-30992.421875,24500.763672,386.865814,-0.004560,0.002573,0.870939,0.491363,9.833333
295,-31104.396484,24662.816406,386.167694,-0.004558,0.002576,0.870558,0.492038,9.866667
296,-31211.601562,24821.417969,385.508484,-0.004556,0.002580,0.870155,0.492751,9.900000
297,-31313.763672,24976.441406,384.890228,-0.004554,0.002584,0.869729,0.493502,9.933333
298,-31410.615234,25127.757812,384.315002,-0.004552,0.002588,0.869280,0.494293,9.966667
299,-31501.882812,25275.234375,383.784851,-0.004549,0.002592,0.868807,0.495123,10.000000
300,-31587.291016,25418.746094,383.301758,-0.004546,0.002597,0.868309,0.495995,10.033333
301,-31666.574219,25558.164062,382.867859,-0.004544,0.002602,0.867787,0.496909,10.066667
302,-31739.460938,25693.349609,382.485199,-0.004541,0.002607,0.867238,0.497866,10.100000
303,-31805.675781,25824.179688,382.155762,-0.004538,0.002612,0.866663,0.498866,10.133333
304,-31864.949219,25950.527344,381.881592,-0.004535,0.002618,0.866061,0.499911,10.166667
305,-31917.013672,26072.253906,381.664856,-0.004531,0.002623,0.865431,0.501001,10.200000
306,-31961.593750,26189.238281,381.507477,-0.004528,0.002629,0.864772,0.502138,10.233333
307,-31998.416016,26301.347656,381.411560,-0.004524,0.002635,0.864083,0.503321,10.266667
308,-32027.210938,26408.453125,381.379120,-0.004521,0.002642,0.863365,0.504553,10.300000
309,-32050.845703,26510.857422,381.379120,-0.004486,0.002656,0.860486,0.509447,10.333333
310,-32072.433594,26609.007812,381.379120,-0.004393,0.002683,0.853354,0.521307,10.366667
311,-32092.082031,26702.992188,381.379120,-0.004243,0.002720,0.841911,0.539593,10.400000
312,-32109.890625,26792.896484,381.379120,-0.004042,0.002759,0.825983,0.563674,10.433333
313,-32125.970703,26878.804688,381.379120,-0.003794,0.002793,0.805311,0.592834,10.466667
314,-32140.421875,26960.806641,381.379120,-0.003503,0.002814,0.779591,0.626272,10.500000
315,-32153.351562,27038.988281,381.379120,-0.003177,0.002815,0.748511,0.663109,10.533333
316,-32164.865234,27113.431641,381.379120,-0.002823,0.002785,0.711782,0.702390,10.566667
317,-32175.064453,27184.228516,381.379120,-0.002448,0.002719,0.669173,0.743098,10.600000
318,-32184.058594,27251.460938,381.379120,-0.002065,0.002609,0.620543,0.784165,10.633333
319,-32191.949219,27315.216797,381.379120,-0.001682,0.002451,0.565864,0.824494,10.666667
320,-32198.841797,27375.582031,381.379120,-0.001312,0.002241,0.505241,0.862975,10.700000
321,-32204.841797,27432.644531,381.379120,-0.000967,0.001980,0.438929,0.898519,10.733333
322,-32210.052734,27486.488281,381.379120,-0.000659,0.001668,0.367340,0.930085,10.766667
323,-32214.582031,27537.201172,381.379120,-0.000399,0.001311,0.291040,0.956710,10.800000
324,-32218.531250,27584.867188,381.379120,-0.000197,0.000914,0.210741,0.977541,10.833333
325,-32222.007812,27629.576172,381.379120,-0.000063,0.000487,0.127291,0.991865,10.866667
326,-32225.115234,27671.410156,381.379120,-0.000002,0.000041,0.041643,0.999133,10.900000
327,-32227.958984,27710.460938,381.379120,-0.000019,-0.000414,-0.045167,0.998979,10.933333
328,-32230.644531,27746.808594,381.379120,-0.000115,-0.000865,-0.132060,0.991241,10.966667
329,-32233.275391,27780.542969,381.379120,-0.000290,-0.001298,-0.217945,0.975960,11.000000
330,-32235.957031,27811.751953,381.379120,-0.000539,-0.001703,-0.301759,0.953383,11.033333
331,-32238.794922,27840.515625,381.379120,-0.000856,-0.002067,-0.382502,0.923952,11.066667
332,-32241.890625,27866.925781,381.379120,-0.001231,-0.002381,-0.459272,0.888292,11.100000
333,-32245.353516,27891.068359,381.379120,-0.001655,-0.002640,-0.531293,0.847183,11.133333
334,-32249.287109,27913.025391,381.379120,-0.002116,-0.002837,-0.597936,0.801536,11.166667
335,-32253.794922,27932.888672,381.379120,-0.002601,-0.002971,-0.658738,0.752362,11.200000
336,-32258.982422,27950.740234,381.379120,-0.003098,-0.003043,-0.713404,0.700739,11.233333
337,-32264.955078,27966.669922,381.379120,-0.003594,-0.003056,-0.761812,0.647780,11.266667
338,-32271.816406,27980.759766,381.379120,-0.004078,-0.003016,-0.804003,0.594603,11.300000
339,-32279.671875,27993.099609,381.379120,-0.004540,-0.002931,-0.840165,0.542304,11.333333
340,-32288.628906,28003.773438,381.379120,-0.004972,-0.002809,-0.870613,0.491936,11.366667
341,-32298.785156,28012.869141,381.379120,-0.005366,-0.002662,-0.895763,0.444492,11.400000
342,-32310.253906,28020.470703,381.379120,-0.005716,-0.002501,-0.916103,0.400894,11.433333
343,-32323.132812,28026.667969,381.379120,-0.006018,-0.002337,-0.932162,0.361985,11.466667
344,-32337.535156,28031.542969,381.379120,-0.006271,-0.002181,-0.944469,0.328533,11.500000
345,-32353.558594,28035.187500,381.379120,-0.006470,-0.002044,-0.953528,0.301229,11.533333
346,-32371.308594,28037.681641,381.379120,-0.006616,-0.001935,-0.959771,0.280699,11.566667
347,-32390.894531,28039.117188,381.379120,-0.006705,-0.001862,-0.963532,0.267503,11.600000
348,-32412.417969,28039.574219,381.379120,-0.006737,-0.001830,-0.965003,0.262147,11.633333
349,-32439.626953,28036.085938,381.390717,-0.006724,-0.001817,-0.965344,0.260889,11.666667
350,-32476.041016,28025.748047,381.425079,-0.006680,-0.001796,-0.965671,0.259675,11.700000
351,-32521.419922,28008.742188,381.481598,-0.006606,-0.001768,-0.965986,0.258504,11.733333
352,-32575.529297,27985.255859,381.559631,-0.006504,-0.001732,-0.966288,0.257376,11.766667
353,-32638.128906,27955.476562,381.658539,-0.006373,-0.001690,-0.966577,0.256290,11.800000
354,-32708.978516,27919.587891,381.777679,-0.006215,-0.001641,-0.966855,0.255246,11.833333
355,-32787.843750,27877.777344,381.916443,-0.006030,-0.001585,-0.967121,0.254241,11.866667
356,-32874.480469,27830.226562,382.074158,-0.005820,-0.001524,-0.967375,0.253277,11.900000
357,-32968.660156,27777.126953,382.250244,-0.005585,-0.001456,-0.967618,0.252352,11.933333
358,-33070.132812,27718.658203,382.444031,-0.005325,-0.001384,-0.967851,0.251465,11.966667
359,-33178.671875,27655.011719,382.654907,-0.005043,-0.001306,-0.968073,0.250615,12.000000
360,-33294.027344,27586.369141,382.882233,-0.004738,-0.001222,-0.968284,0.249803,12.033333
361,-33415.972656,27512.919922,383.125397,-0.004412,-0.001135,-0.968486,0.249026,12.066667
362,-33544.257812,27434.845703,383.383698,-0.004066,-0.001042,-0.968678,0.248285,12.100000
363,-33678.656250,27352.333984,383.656586,-0.003699,-0.000945,-0.968860,0.247579,12.133333
364,-33818.917969,27265.570312,383.943390,-0.003314,-0.000844,-0.969033,0.246906,12.166667
365,-33964.812500,27174.740234,384.243439,-0.002911,-0.000740,-0.969197,0.246267,12.200000
366,-34116.101562,27080.029297,384.556183,-0.002490,-0.000631,-0.969353,0.245660,12.233333
367,-34272.542969,26981.625000,384.880920,-0.002053,-0.000519,-0.969499,0.245084,12.266667
368,-34433.902344,26879.710938,385.217072,-0.001601,-0.000404,-0.969638,0.244540,12.300000
369,-34599.941406,26774.472656,385.563965,-0.001134,-0.000285,-0.969768,0.244026,12.333333
370,-34770.417969,26666.097656,385.920959,-0.000653,-0.000164,-0.969890,0.243541,12.366667
371,-34945.093750,26554.771484,386.287476,-0.000159,-0.000040,-0.970005,0.243085,12.400000
372,-35123.734375,26440.675781,386.662842,0.000346,0.000087,-0.970112,0.242656,12.433333
373,-35306.097656,26324.001953,387.046417,0.000863,0.000216,-0.970212,0.242255,12.466667
374,-35491.949219,26204.933594,387.437592,0.001391,0.000347,-0.970305,0.241880,12.500000
375,-35681.050781,26083.654297,387.835724,0.001927,0.000480,-0.970391,0.241531,12.533333
376,-35873.160156,25960.351562,388.240173,0.002473,0.000615,-0.970470,0.241207,12.566667
377,-36068.039062,25835.212891,388.650360,0.003026,0.000751,-0.970543,0.240907,12.600000
378,-36265.453125,25708.421875,389.065552,0.003586,0.000889,-0.970610,0.240630,12.633333
379,-36465.164062,25580.162109,389.485199,0.004152,0.001028,-0.970671,0.240376,12.666667
380,-36666.929688,25450.625000,389.908630,0.004723,0.001168,-0.970725,0.240143,12.700000
381,-36870.515625,25319.990234,390.335236,0.005298,0.001309,-0.970774,0.239932,12.733333
382,-37075.679688,25188.445312,390.764374,0.005877,0.001451,-0.970818,0.239741,12.766667
383,-37282.187500,25056.179688,391.195404,0.006459,0.001594,-0.970856,0.239570,12.800000
384,-37489.796875,24923.373047,391.627716,0.007042,0.001736,-0.970890,0.239417,12.833333
385,-37698.273438,24790.214844,392.060638,0.007626,0.001879,-0.970918,0.239283,12.866667
386,-37907.378906,24656.890625,392.493561,0.008210,0.002022,-0.970942,0.239166,12.900000
387,-38116.871094,24523.585938,392.925873,0.008793,0.002165,-0.970961,0.239065,12.933333
388,-38326.515625,24390.486328,393.356903,0.009374,0.002307,-0.970976,0.238981,12.966667
389,-38536.070312,24257.775391,393.786041,0.009953,0.002449,-0.970987,0.238911,13.000000
390,-38745.300781,24125.642578,394.212616,0.010529,0.002590,-0.970995,0.238856,13.033333
391,-38953.968750,23994.269531,394.636078,0.011100,0.002730,-0.970998,0.238814,13.066667
392,-39161.828125,23863.845703,395.055695,0.011666,0.002869,-0.970998,0.238785,13.100000
393,-39368.656250,23734.554688,395.470917,0.012226,0.003006,-0.970995,0.238768,13.133333
394,-39574.195312,23606.583984,395.881073,0.012779,0.003142,-0.970989,0.238762,13.166667
395,-39778.222656,23480.115234,396.285553,0.013324,0.003277,-0.970980,0.238767,13.200000
396,-39980.496094,23355.337891,396.683655,0.013861,0.003409,-0.970968,0.238782,13.233333
397,-40180.773438,23232.437500,397.074860,0.014389,0.003539,-0.970954,0.238805,13.266667
398,-40378.820312,23111.597656,397.458435,0.014906,0.003667,-0.970938,0.238837,13.300000
399,-40574.394531,22993.005859,397.833801,0.015412,0.003792,-0.970920,0.238876,13.333333
400,-40767.257812,22876.847656,398.200317,0.015906,0.003914,-0.970900,0.238923,13.366667
401,-40957.179688,22763.306641,398.557281,0.016387,0.004034,-0.970879,0.238975,13.400000
402,-41143.917969,22652.570312,398.904205,0.016855,0.004150,-0.970856,0.239032,13.433333
403,-41327.226562,22544.826172,399.240356,0.017308,0.004262,-0.970833,0.239094,13.466667
404,-41506.878906,22440.257812,399.565094,0.017745,0.004372,-0.970808,0.239160,13.500000
405,-41682.628906,22339.046875,399.877808,0.018167,0.004477,-0.970783,0.239229,13.533333
406,-41854.242188,22241.388672,400.177917,0.018571,0.004578,-0.970757,0.239299,13.566667
407,-42021.472656,22147.458984,400.464691,0.018957,0.004675,-0.970732,0.239372,13.600000
408,-42184.093750,22057.449219,400.737549,0.019325,0.004767,-0.970706,0.239445,13.633333
409,-42341.867188,21971.544922,400.995880,0.019672,0.004854,-0.970680,0.239518,13.666667
410,-42494.539062,21889.933594,401.239014,0.020000,0.004937,-0.970655,0.239591,13.700000
411,-42641.886719,21812.792969,401.466370,0.020306,0.005014,-0.970631,0.239662,13.733333
412,-42783.664062,21740.316406,401.677246,0.020590,0.005086,-0.970608,0.239731,13.766667
413,-42919.640625,21672.683594,401.871002,0.020851,0.005151,-0.970586,0.239796,13.800000
414,-43049.566406,21610.085938,402.047089,0.021088,0.005211,-0.970565,0.239859,13.833333
415,-43173.214844,21552.707031,402.204865,0.021300,0.005265,-0.970546,0.239916,13.866667
416,-43290.339844,21500.732422,402.343628,0.021487,0.005313,-0.970528,0.239968,13.900000
417,-43400.703125,21454.347656,402.462738,0.021647,0.005354,-0.970513,0.240015,13.933333
418,-43504.074219,21413.738281,402.561676,0.021780,0.005387,-0.970500,0.240054,13.966667
419,-43600.203125,21379.085938,402.639648,0.021885,0.005414,-0.970490,0.240086,14.000000
420,-43688.863281,21350.587891,402.696198,0.021961,0.005434,-0.970482,0.240110,14.033333
421,-43769.812500,21328.417969,402.730560,0.022008,0.005445,-0.970477,0.240125,14.066667
422,-43842.808594,21312.769531,402.742157,0.022023,0.005449,-0.970476,0.240130,14.100000
423,-43951.964844,21295.050781,402.742157,0.019078,0.005912,-0.954998,0.295940,14.133333
424,-44118.574219,21269.220703,402.742157,0.011900,0.005681,-0.902353,0.430797,14.166667
425,-44308.164062,21239.281250,402.742157,0.003515,0.002585,-0.805677,0.592339,14.200000
426,-44486.265625,21209.232422,402.742157,-0.003034,-0.003270,-0.680162,0.733048,14.233333
427,-44618.402344,21183.080078,402.742157,-0.006371,-0.009269,-0.566431,0.824032,14.266667
428,-44670.109375,21164.820312,402.742157,-0.007212,-0.011955,-0.516515,0.856164,14.300000
429,-44668.382812,21148.771484,402.743805,-0.007181,-0.011949,-0.515066,0.857037,14.333333
430,-44663.242188,21126.662109,402.748322,-0.007130,-0.011908,-0.513679,0.857870,14.366667
431,-44654.761719,21098.619141,402.755188,-0.007059,-0.011831,-0.512352,0.858665,14.400000
432,-44642.996094,21064.769531,402.763855,-0.006970,-0.011720,-0.511085,0.859422,14.433333
433,-44628.015625,21025.240234,402.773712,-0.006862,-0.011577,-0.509876,0.860142,14.466667
434,-44609.886719,20980.156250,402.784241,-0.006738,-0.011401,-0.508725,0.860827,14.500000
435,-44588.671875,20929.644531,402.794861,-0.006596,-0.011194,-0.507630,0.861477,14.533333
436,-44564.433594,20873.830078,402.805054,-0.006439,-0.010958,-0.506590,0.862093,14.566667
437,-44537.246094,20812.841797,402.814209,-0.006267,-0.010692,-0.505604,0.862677,14.600000
438,-44507.164062,20746.802734,402.821808,-0.006079,-0.010399,-0.504671,0.863228,14.633333
439,-44474.261719,20675.839844,402.827240,-0.005878,-0.010078,-0.503789,0.863748,14.666667
440,-44438.597656,20600.082031,402.830017,-0.005664,-0.009732,-0.502958,0.864237,14.700000
441,-44400.238281,20519.654297,402.829529,-0.005437,-0.009361,-0.502176,0.864698,14.733333
442,-44359.253906,20434.681641,402.825226,-0.005197,-0.008966,-0.501443,0.865129,14.766667
443,-44315.703125,20345.289062,402.816559,-0.004946,-0.008549,-0.500756,0.865532,14.800000
444,-44269.652344,20251.607422,402.802948,-0.004684,-0.008110,-0.500115,0.865908,14.833333
445,-44221.171875,20153.759766,402.783875,-0.004411,-0.007650,-0.499519,0.866258,14.866667
446,-44170.320312,20051.873047,402.758759,-0.004129,-0.007171,-0.498966,0.866582,14.900000
447,-44117.164062,19946.074219,402.726990,-0.003837,-0.006674,-0.498455,0.866881,14.933333
448,-44061.773438,19836.488281,402.688110,-0.003537,-0.006159,-0.497986,0.867156,14.966667
449,-44004.210938,19723.242188,402.641479,-0.003228,-0.005628,-0.497555,0.867408,15.000000
450,-43944.535156,19606.460938,402.586578,-0.002912,-0.005082,-0.497164,0.867637,15.033333
451,-43882.820312,19486.273438,402.522827,-0.002588,-0.004522,-0.496810,0.867844,15.066667
452,-43819.128906,19362.802734,402.449677,-0.002258,-0.003948,-0.496491,0.868030,15.100000
453,-43753.523438,19236.179688,402.366577,-0.001922,-0.003363,-0.496208,0.868195,15.133333
454,-43686.074219,19106.525391,402.272949,-0.001581,-0.002768,-0.495958,0.868341,15.166667
455,-43616.839844,18973.968750,402.168274,-0.001234,-0.002162,-0.495740,0.868467,15.200000
456,-43545.890625,18838.636719,402.051941,-0.000883,-0.001548,-0.495554,0.868575,15.233333
457,-43473.289062,18700.654297,401.923401,-0.000528,-0.000926,-0.495397,0.868666,15.266667
458,-43399.097656,18560.146484,401.782135,-0.000170,-0.000298,-0.495269,0.868739,15.300000
459,-43323.390625,18417.242188,401.627533,0.000191,0.000335,-0.495169,0.868797,15.333333
460,-43246.226562,18272.066406,401.459076,0.000555,0.000973,-0.495094,0.868838,15.366667
461,-43167.671875,18124.746094,401.276184,0.000920,0.001614,-0.495045,0.868865,15.400000
462,-43087.789062,17975.406250,401.078308,0.001286,0.002257,-0.495019,0.868878,15.433333
463,-43006.648438,17824.175781,400.864868,0.001653,0.002901,-0.495016,0.868878,15.466667
464,-42924.308594,17671.177734,400.635315,0.002020,0.003546,-0.495033,0.868864,15.500000
465,-42840.839844,17516.539062,400.389130,0.002387,0.004188,-0.495071,0.868839,15.533333
466,-42756.308594,17360.388672,400.125702,0.002752,0.004829,-0.495127,0.868803,15.566667
467,-42670.777344,17202.849609,399.844482,0.003116,0.005467,-0.495201,0.868755,15.600000
468,-42584.308594,17044.048828,399.544952,0.003478,0.006100,-0.495291,0.868699,15.633333
469,-42496.972656,16884.113281,399.226471,0.003837,0.006727,-0.495397,0.868632,15.666667
470,-42408.832031,16723.169922,398.888580,0.004192,0.007349,-0.495515,0.868558,15.700000
471,-42319.949219,16561.343750,398.530640,0.004544,0.007962,-0.495647,0.868476,15.733333
472,-42230.394531,16398.761719,398.152130,0.004892,0.008568,-0.495790,0.868387,15.766667
473,-42140.234375,16235.549805,397.752472,0.005234,0.009163,-0.495942,0.868291,15.800000
474,-42049.523438,16071.833984,397.331146,0.005570,0.009748,-0.496104,0.868190,15.833333
475,-41958.343750,15907.742188,396.887543,0.005900,0.010321,-0.496273,0.868085,15.866667
476,-41866.742188,15743.398438,396.421112,0.006224,0.010881,-0.496449,0.867975,15.900000
477,-41774.792969,15578.929688,395.931335,0.006539,0.011428,-0.496630,0.867862,15.933333
478,-41682.566406,15414.463867,395.417603,0.006847,0.011959,-0.496815,0.867747,15.966667
479,-41590.117188,15250.124023,394.879364,0.007146,0.012475,-0.497003,0.867630,16.000000
480,-41497.511719,15086.039062,394.316132,0.007435,0.012973,-0.497192,0.867512,16.033333
481,-41404.824219,14922.334961,393.727264,0.007715,0.013454,-0.497382,0.867393,16.066667
482,-41312.113281,14759.136719,393.112213,0.007984,0.013916,-0.497570,0.867275,16.100000
483,-41219.445312,14596.571289,392.470459,0.008241,0.014357,-0.497757,0.867158,16.133333
484,-41126.882812,14434.765625,391.801422,0.008487,0.014778,-0.497940,0.867044,16.166667
485,-41034.500000,14273.846680,391.104523,0.008720,0.015176,-0.498119,0.866932,16.200000
486,-40942.351562,14113.937500,390.379242,0.008940,0.015552,-0.498292,0.866823,16.233333
487,-40850.500000,13955.166992,389.624939,0.009146,0.015903,-0.498459,0.866719,16.266667
488,-40759.027344,13797.660156,388.841187,0.009337,0.016229,-0.498617,0.866620,16.300000
489,-40667.984375,13641.544922,388.027344,0.009514,0.016529,-0.498766,0.866527,16.333333
490,-40577.437500,13486.944336,387.182831,0.009674,0.016801,-0.498904,0.866440,16.366667
491,-40487.460938,13333.990234,386.307129,0.009818,0.017046,-0.499030,0.866361,16.400000
492,-40398.113281,13182.801758,385.399628,0.009945,0.017261,-0.499144,0.866290,16.433333
493,-40309.453125,13033.510742,384.459869,0.010055,0.017445,-0.499243,0.866228,16.466667
494,-40221.554688,12886.240234,383.487244,0.010145,0.017599,-0.499328,0.866175,16.500000
495,-40134.484375,12741.119141,382.481140,0.010217,0.017720,-0.499395,0.866133,16.533333
496,-40048.304688,12598.273438,381.441071,0.010269,0.017808,-0.499445,0.866102,16.566667
497,-39963.074219,12457.828125,380.366425,0.010301,0.017861,-0.499476,0.866083,16.600000
498,-39878.867188,12319.908203,379.256714,0.010311,0.017879,-0.499486,0.866076,16.633333
499,-39767.386719,12168.394531,376.801697,0.010064,0.017398,-0.500630,0.865428,16.666667
500,-39607.851562,11990.681641,372.038757,0.009367,0.016059,-0.503769,0.863638,16.700000
501,-39411.617188,11792.169922,365.488586,0.008280,0.014020,-0.508460,0.860932,16.733333
502,-39190.027344,11578.260742,357.671814,0.006862,0.011442,-0.514257,0.857533,16.766667
503,-38954.425781,11354.355469,349.109192,0.005175,0.008484,-0.520719,0.853671,16.800000
504,-38716.164062,11125.854492,340.321320,0.003290,0.005299,-0.527410,0.849588,16.833333
505,-38486.585938,10898.159180,331.828949,0.001287,0.002037,-0.533905,0.845541,16.866667
506,-38277.035156,10676.668945,324.152740,-0.000744,-0.001160,-0.539786,0.841801,16.900000
507,-38098.875000,10466.788086,317.813385,-0.002699,-0.004156,-0.544644,0.838653,16.933333
508,-37963.433594,10273.914062,313.331512,-0.004470,-0.006822,-0.548076,0.836389,16.966667
509,-37882.062500,10103.449219,311.227844,-0.005943,-0.009032,-0.549680,0.835305,17.000000
510,-37848.582031,9957.625977,311.351135,-0.006165,-0.011333,-0.477832,0.878356,17.033333
511,-37824.917969,9837.890625,312.100159,-0.003175,-0.014259,-0.217351,0.975984,17.066667
512,-37807.691406,9756.640625,312.991669,0.001306,-0.015712,0.082819,0.996440,17.100000
513,-37795.351562,9726.707031,313.607239,0.003603,-0.015787,0.222482,0.974802,17.133333
514,-37776.156250,9732.170898,313.946442,0.003601,-0.015779,0.222475,0.974804,17.166667
515,-37739.812500,9748.265625,314.287750,0.003595,-0.015754,0.222454,0.974809,17.200000
516,-37686.957031,9774.542969,314.631195,0.003585,-0.015714,0.222419,0.974818,17.233333
517,-37618.222656,9810.554688,314.976746,0.003572,-0.015659,0.222369,0.974830,17.266667
518,-37534.242188,9855.853516,315.324432,0.003555,-0.015589,0.222304,0.974846,17.300000
519,-37435.644531,9909.992188,315.674286,0.003535,-0.015506,0.222224,0.974866,17.333333
520,-37323.070312,9972.522461,316.026276,0.003511,-0.015410,0.222129,0.974889,17.366667
521,-37197.144531,10042.998047,316.380432,0.003485,-0.015302,0.222018,0.974916,17.400000
522,-37058.507812,10120.969727,316.736755,0.003455,-0.015182,0.221892,0.974947,17.433333
523,-36907.789062,10205.990234,317.095276,0.003423,-0.015051,0.221749,0.974982,17.466667
524,-36745.621094,10297.611328,317.455963,0.003388,-0.014910,0.221589,0.975020,17.500000
525,-36572.640625,10395.387695,317.818848,0.003351,-0.014759,0.221413,0.975063,17.533333
526,-36389.476562,10498.869141,318.183929,0.003312,-0.014598,0.221220,0.975109,17.566667
527,-36196.761719,10607.610352,318.551208,0.003270,-0.014430,0.221010,0.975159,17.600000
528,-35995.132812,10721.161133,318.920715,0.003227,-0.014253,0.220782,0.975214,17.633333
529,-35785.218750,10839.076172,319.292450,0.003182,-0.014070,0.220537,0.975272,17.666667
530,-35567.656250,10960.906250,319.666443,0.003135,-0.013879,0.220273,0.975335,17.700000
531,-35343.078125,11086.204102,320.042664,0.003086,-0.013683,0.219991,0.975401,17.733333
532,-35112.113281,11214.523438,320.421112,0.003036,-0.013482,0.219690,0.975472,17.766667
533,-34875.398438,11345.414062,320.801819,0.002985,-0.013276,0.219371,0.975547,17.800000
534,-34633.566406,11478.429688,321.184814,0.002934,-0.013067,0.219032,0.975626,17.833333
535,-34387.250000,11613.124023,321.570068,0.002881,-0.012854,0.218674,0.975709,17.866667
536,-34137.082031,11749.046875,321.957611,0.002827,-0.012638,0.218296,0.975797,17.900000
537,-33883.695312,11885.752930,322.347443,0.002773,-0.012420,0.217898,0.975888,17.933333
538,-33627.722656,12022.792969,322.739594,0.002719,-0.012201,0.217480,0.975985,17.966667
539,-33369.796875,12159.719727,323.134033,0.002664,-0.011982,0.217042,0.976085,18.000000
540,-33110.554688,12296.085938,323.530792,0.002610,-0.011762,0.216583,0.976190,18.033333
541,-32850.625000,12431.443359,323.929840,0.002555,-0.011543,0.216102,0.976299,18.066667
542,-32590.638672,12565.345703,324.331268,0.002501,-0.011325,0.215601,0.976413,18.100000
543,-32331.234375,12697.343750,324.735016,0.002447,-0.011109,0.215078,0.976531,18.133333
544,-32073.042969,12826.990234,325.141113,0.002393,-0.010896,0.214532,0.976653,18.166667
545,-31816.695312,12953.837891,325.549591,0.002341,-0.010686,0.213965,0.976780,18.200000
546,-31562.828125,13077.439453,325.960388,0.002289,-0.010480,0.213376,0.976911,18.233333
547,-31312.074219,13197.345703,326.373566,0.002238,-0.010278,0.212763,0.977047,18.266667
548,-31065.064453,13313.111328,326.789124,0.002188,-0.010081,0.212128,0.977187,18.300000
549,-30822.431641,13424.287109,327.207062,0.002140,-0.009891,0.211470,0.977332,18.333333
550,-30584.810547,13530.425781,327.627411,0.002093,-0.009706,0.210788,0.977481,18.366667
551,-30352.833984,13631.078125,328.050171,0.002048,-0.009529,0.210082,0.977635,18.400000
552,-30127.132812,13725.799805,328.475342,0.002004,-0.009360,0.209352,0.977794,18.433333
553,-29908.343750,13814.140625,328.902893,0.001962,-0.009198,0.208598,0.977956,18.466667
554,-29697.097656,13895.654297,329.332947,0.001922,-0.009046,0.207819,0.978124,18.500000
555,-29494.027344,13969.892578,329.765381,0.001884,-0.008904,0.207015,0.978295,18.533333
556,-29299.765625,14036.408203,330.200226,0.001849,-0.008772,0.206186,0.978472,18.566667
557,-29114.945312,14094.751953,330.637634,0.001815,-0.008651,0.205332,0.978652,18.600000
558,-28940.205078,14144.479492,331.077393,0.001784,-0.008542,0.204452,0.978838,18.633333
559,-28770.443359,14189.274414,331.520203,0.001755,-0.008439,0.203577,0.979021,18.666667
560,-28600.164062,14233.130859,331.966492,0.001726,-0.008335,0.202735,0.979197,18.700000
561,-28429.394531,14276.061523,332.416168,0.001697,-0.008231,0.201925,0.979365,18.733333
562,-28258.164062,14318.078125,332.869141,0.001669,-0.008126,0.201144,0.979526,18.766667
563,-28086.501953,14359.192383,333.325287,0.001641,-0.008021,0.200391,0.979682,18.800000
564,-27914.435547,14399.416992,333.784546,0.001613,-0.007916,0.199663,0.979831,18.833333
565,-27741.992188,14438.763672,334.246765,0.001586,-0.007810,0.198957,0.979976,18.866667
566,-27569.203125,14477.244141,334.711853,0.001558,-0.007704,0.198272,0.980115,18.900000
567,-27396.091797,14514.871094,335.179749,0.001532,-0.007598,0.197606,0.980251,18.933333
568,-27222.691406,14551.656250,335.650360,0.001505,-0.007492,0.196956,0.980382,18.966667
569,-27049.027344,14587.612305,336.123505,0.001479,-0.007386,0.196321,0.980511,19.000000
570,-26875.128906,14622.750977,336.599152,0.001453,-0.007279,0.195697,0.980636,19.033333
571,-26701.025391,14657.083984,337.077209,0.001427,-0.007173,0.195083,0.980759,19.066667
572,-26526.742188,14690.623047,337.557526,0.001401,-0.007066,0.194477,0.980881,19.100000
573,-26352.310547,14723.381836,338.040039,0.001376,-0.006960,0.193876,0.981000,19.133333
574,-26177.757812,14755.371094,338.524628,0.001350,-0.006854,0.193278,0.981119,19.166667
575,-26003.109375,14786.603516,339.011230,0.001325,-0.006748,0.192681,0.981237,19.200000
576,-25828.400391,14817.090820,339.499695,0.001300,-0.006642,0.192083,0.981355,19.233333
577,-25653.652344,14846.845703,339.989960,0.001275,-0.006536,0.191482,0.981473,19.266667
578,-25478.896484,14875.879883,340.481903,0.001250,-0.006430,0.190875,0.981592,19.300000
579,-25304.160156,14904.205078,340.975403,0.001226,-0.006325,0.190261,0.981712,19.333333
580,-25129.472656,14931.833984,341.470428,0.001201,-0.006220,0.189637,0.981834,19.366667
581,-24954.863281,14958.777344,341.966827,0.001177,-0.006115,0.189000,0.981957,19.400000
582,-24780.359375,14985.049805,342.464539,0.001153,-0.006011,0.188349,0.982083,19.433333
583,-24605.988281,15010.660156,342.963409,0.001129,-0.005907,0.187682,0.982211,19.466667
584,-24431.777344,15035.624023,343.463348,0.001105,-0.005804,0.186996,0.982343,19.500000
585,-24257.757812,15059.951172,343.964325,0.001081,-0.005701,0.186289,0.982478,19.533333
586,-24083.955078,15083.654297,344.466156,0.001057,-0.005599,0.185558,0.982617,19.566667
587,-23910.400391,15106.744141,344.968750,0.001034,-0.005497,0.184803,0.982760,19.600000
588,-23737.121094,15129.235352,345.472076,0.001010,-0.005396,0.184020,0.982907,19.633333
589,-23564.142578,15151.138672,345.975952,0.000987,-0.005295,0.183207,0.983060,19.666667
590,-23391.496094,15172.465820,346.480347,0.000964,-0.005196,0.182362,0.983217,19.700000
591,-23219.210938,15193.229492,346.985107,0.000941,-0.005096,0.181483,0.983380,19.733333
592,-23047.314453,15213.441406,347.490173,0.000918,-0.004998,0.180568,0.983549,19.766667
593,-22875.832031,15233.114258,347.995422,0.000895,-0.004900,0.179614,0.983725,19.800000
594,-22704.796875,15252.258789,348.500732,0.000872,-0.004804,0.178619,0.983906,19.833333
595,-22534.232422,15270.888672,349.006042,0.000850,-0.004708,0.177581,0.984094,19.866667
596,-22364.169922,15289.015625,349.511261,0.000827,-0.004613,0.176498,0.984290,19.900000
597,-22194.636719,15306.651367,350.016235,0.000805,-0.004519,0.175368,0.984492,19.933333
598,-22025.664062,15323.808594,350.520905,0.000783,-0.004425,0.174188,0.984702,19.966667
599,-21857.273438,15340.497070,351.025177,0.000761,-0.004333,0.172955,0.984920,20.000000
600,-21689.500000,15356.731445,351.528961,0.000739,-0.004242,0.171669,0.985145,20.033333
601,-21522.369141,15372.524414,352.032104,0.000718,-0.004152,0.170326,0.985379,20.066667
602,-21355.908203,15387.884766,352.534485,0.000696,-0.004063,0.168925,0.985620,20.100000
603,-21190.148438,15402.828125,353.036133,0.000675,-0.003975,0.167462,0.985870,20.133333
604,-21025.113281,15417.363281,353.536804,0.000654,-0.003888,0.165937,0.986128,20.166667
605,-20860.835938,15431.503906,354.036499,0.000634,-0.003803,0.164346,0.986395,20.200000
606,-20697.345703,15445.263672,354.535095,0.000613,-0.003718,0.162687,0.986670,20.233333
607,-20534.664062,15458.652344,355.032440,0.000593,-0.003635,0.160959,0.986954,20.266667
608,-20372.824219,15471.682617,355.528503,0.000573,-0.003554,0.159158,0.987246,20.300000
609,-20211.853516,15484.367188,356.023132,0.000553,-0.003473,0.157283,0.987547,20.333333
610,-20051.781250,15496.717773,356.516266,0.000534,-0.003394,0.155332,0.987856,20.366667
611,-19892.634766,15508.746094,357.007782,0.000515,-0.003317,0.153301,0.988174,20.400000
612,-19734.441406,15520.464844,357.497589,0.000496,-0.003240,0.151189,0.988499,20.433333
613,-19577.230469,15531.885742,357.985565,0.000477,-0.003166,0.148994,0.988833,20.466667
614,-19421.031250,15543.019531,358.471619,0.000459,-0.003092,0.146713,0.989174,20.500000
615,-19265.871094,15553.881836,358.955719,0.000441,-0.003021,0.144343,0.989523,20.533333
616,-19111.777344,15564.482422,359.437653,0.000423,-0.002951,0.141884,0.989879,20.566667
617,-18958.779297,15574.832031,359.917419,0.000406,-0.002882,0.139332,0.990242,20.600000
618,-18806.906250,15584.945312,360.394836,0.000388,-0.002815,0.136684,0.990611,20.633333
619,-18656.183594,15594.833008,360.869843,0.000372,-0.002750,0.133940,0.990986,20.666667
620,-18506.640625,15604.507812,361.342346,0.000355,-0.002686,0.131096,0.991366,20.700000
621,-18358.310547,15613.981445,361.812256,0.000339,-0.002625,0.128150,0.991751,20.733333
622,-18211.214844,15623.266602,362.279419,0.000323,-0.002565,0.125100,0.992141,20.766667
623,-18065.382812,15632.374023,362.743805,0.000308,-0.002506,0.121943,0.992534,20.800000
624,-17920.847656,15641.316406,363.205261,0.000293,-0.002450,0.118678,0.992930,20.833333
625,-17777.634766,15650.106445,363.663696,0.000278,-0.002396,0.115301,0.993328,20.866667
626,-17635.769531,15658.754883,364.119049,0.000264,-0.002343,0.111811,0.993727,20.900000
627,-17495.285156,15667.277344,364.571198,0.000250,-0.002293,0.108205,0.994126,20.933333
628,-17356.207031,15675.680664,365.019989,0.000236,-0.002244,0.104482,0.994524,20.966667
629,-17218.562500,15683.980469,365.465363,0.000222,-0.002198,0.100638,0.994921,21.000000
630,-17082.382812,15692.188477,365.907257,0.000209,-0.002153,0.096671,0.995314,21.033333
631,-16947.695312,15700.314453,366.345520,0.000196,-0.002111,0.092579,0.995703,21.066667
632,-16814.527344,15708.375000,366.780121,0.000184,-0.002070,0.088360,0.996086,21.100000
633,-16682.906250,15716.377930,367.210876,0.000171,-0.002032,0.084012,0.996463,21.133333
634,-16552.863281,15724.336914,367.637695,0.000159,-0.001996,0.079531,0.996830,21.166667
635,-16424.425781,15732.264648,368.060547,0.000147,-0.001963,0.074917,0.997188,21.200000
636,-16297.620117,15740.170898,368.479248,0.000136,-0.001931,0.070166,0.997533,21.233333
637,-16172.478516,15748.071289,368.893768,0.000124,-0.001902,0.065276,0.997865,21.266667
638,-16049.025391,15755.974609,369.303986,0.000113,-0.001876,0.060246,0.998182,21.300000
639,-15927.289062,15763.895508,369.709778,0.000102,-0.001851,0.055072,0.998481,21.333333
640,-15807.300781,15771.843750,370.111053,0.000091,-0.001829,0.049753,0.998760,21.366667
641,-15689.087891,15779.833984,370.507721,0.000080,-0.001810,0.044286,0.999017,21.400000
642,-15572.677734,15787.875977,370.899658,0.000069,-0.001793,0.038670,0.999250,21.433333
643,-15458.099609,15795.982422,371.286804,0.000059,-0.001779,0.032902,0.999457,21.466667
644,-15345.379883,15804.166992,371.669006,0.000048,-0.001767,0.026980,0.999634,21.500000
645,-15234.546875,15812.439453,372.046265,0.000037,-0.001757,0.020901,0.999780,21.533333
646,-15125.633789,15820.812500,372.418335,0.000026,-0.001751,0.014664,0.999891,21.566667
647,-15018.662109,15829.299805,372.785278,0.000014,-0.001747,0.008267,0.999964,21.600000
648,-14913.665039,15837.912109,373.146851,0.000003,-0.001745,0.001708,0.999997,21.633333
649,-14811.244141,15846.463867,373.503357,-0.000009,-0.001751,-0.005382,0.999984,21.666667
650,-14711.953125,15854.765625,373.855072,-0.000024,-0.001769,-0.013347,0.999909,21.700000
651,-14615.740234,15862.820312,374.201904,-0.000040,-0.001798,-0.022152,0.999753,21.733333
652,-14522.556641,15870.631836,374.543854,-0.000058,-0.001837,-0.031760,0.999494,21.766667
653,-14432.350586,15878.203125,374.880859,-0.000080,-0.001887,-0.042135,0.999110,21.800000
654,-14345.073242,15885.538086,375.212891,-0.000104,-0.001946,-0.053241,0.998580,21.833333
655,-14260.673828,15892.640625,375.539856,-0.000131,-0.002015,-0.065039,0.997881,21.866667
656,-14179.101562,15899.514648,375.861725,-0.000163,-0.002092,-0.077493,0.996991,21.900000
657,-14100.306641,15906.164062,376.178497,-0.000198,-0.002178,-0.090564,0.995888,21.933333
658,-14024.239258,15912.590820,376.490082,-0.000238,-0.002271,-0.104212,0.994552,21.966667
659,-13950.849609,15918.799805,376.796448,-0.000283,-0.002371,-0.118399,0.992963,22.000000
660,-13880.085938,15924.793945,377.097534,-0.000333,-0.002478,-0.133084,0.991102,22.033333
661,-13811.899414,15930.578125,377.393311,-0.000388,-0.002591,-0.148226,0.988950,22.066667
662,-13746.239258,15936.155273,377.683746,-0.000450,-0.002709,-0.163785,0.986492,22.100000
663,-13683.055664,15941.528320,377.968750,-0.000517,-0.002831,-0.179719,0.983714,22.133333
664,-13622.297852,15946.701172,378.248322,-0.000591,-0.002958,-0.195986,0.980602,22.166667
665,-13563.915039,15951.678711,378.522400,-0.000672,-0.003088,-0.212544,0.977146,22.200000
666,-13507.858398,15956.462891,378.790924,-0.000759,-0.003222,-0.229351,0.973338,22.233333
667,-13454.077148,15961.058594,379.053864,-0.000853,-0.003357,-0.246364,0.969171,22.266667
668,-13402.521484,15965.468750,379.311188,-0.000954,-0.003494,-0.263541,0.964641,22.300000
669,-13353.139648,15969.697266,379.562805,-0.001063,-0.003631,-0.280839,0.959747,22.333333
670,-13305.883789,15973.748047,379.808716,-0.001178,-0.003769,-0.298218,0.954490,22.366667
671,-13260.702148,15977.623047,380.048859,-0.001300,-0.003907,-0.315634,0.948872,22.400000
672,-13217.544922,15981.329102,380.283173,-0.001428,-0.004044,-0.333047,0.942900,22.433333
673,-13176.360352,15984.866211,380.511627,-0.001564,-0.004179,-0.350418,0.936583,22.466667
674,-13137.100586,15988.240234,380.734192,-0.001705,-0.004312,-0.367704,0.929931,22.500000
675,-13099.714844,15991.455078,380.950775,-0.001853,-0.004443,-0.384869,0.922959,22.533333
676,-13064.152344,15994.512695,381.161346,-0.002006,-0.004570,-0.401874,0.915681,22.566667
677,-13030.362305,15997.417969,381.365906,-0.002164,-0.004694,-0.418683,0.908118,22.600000
678,-12998.295898,16000.174805,381.564362,-0.002328,-0.004814,-0.435259,0.900290,22.633333
679,-12967.902344,16002.785156,381.756653,-0.002495,-0.004930,-0.451568,0.892220,22.666667
680,-12939.131836,16005.253906,381.942810,-0.002666,-0.005041,-0.467578,0.883934,22.700000
681,-12911.933594,16007.583984,382.122711,-0.002841,-0.005147,-0.483257,0.875459,22.733333
682,-12886.255859,16009.780273,382.296326,-0.003018,-0.005247,-0.498574,0.866826,22.766667
683,-12862.051758,16011.845703,382.463654,-0.003197,-0.005343,-0.513503,0.858065,22.800000
684,-12839.269531,16013.783203,382.624573,-0.003378,-0.005432,-0.528015,0.849211,22.833333
685,-12817.858398,16015.597656,382.779114,-0.003559,-0.005516,-0.542086,0.840297,22.866667
686,-12797.767578,16017.291992,382.927185,-0.003739,-0.005594,-0.555692,0.831361,22.900000
687,-12778.948242,16018.869141,383.068756,-0.003919,-0.005667,-0.568810,0.822440,22.933333
688,-12761.350586,16020.333984,383.203766,-0.004097,-0.005734,-0.581421,0.813573,22.966667
689,-12744.921875,16021.689453,383.332184,-0.004273,-0.005795,-0.593504,0.804799,23.000000
690,-12729.615234,16022.940430,383.453979,-0.004446,-0.005850,-0.605043,0.796159,23.033333
691,-12715.378906,16024.087891,383.569031,-0.004614,-0.005900,-0.616021,0.787694,23.066667
692,-12702.161133,16025.137695,383.677429,-0.004778,-0.005945,-0.626422,0.779447,23.100000
693,-12689.914062,16026.091797,383.778961,-0.004936,-0.005985,-0.636233,0.771458,23.133333
694,-12678.585938,16026.957031,383.873749,-0.005088,-0.006021,-0.645441,0.763770,23.166667
695,-12668.129883,16027.734375,383.961639,-0.005233,-0.006052,-0.654032,0.756425,23.200000
696,-12658.490234,16028.426758,384.042603,-0.005370,-0.006079,-0.661995,0.749465,23.233333
697,-12649.620117,16029.039062,384.116608,-0.005498,-0.006102,-0.669318,0.742931,23.266667
698,-12641.468750,16029.575195,384.183594,-0.005616,-0.006122,-0.675990,0.736864,23.300000
699,-12633.986328,16030.039062,384.243561,-0.005725,-0.006139,-0.681999,0.731305,23.333333
700,-12627.121094,16030.433594,384.296387,-0.005823,-0.006153,-0.687334,0.726292,23.366667
701,-12620.825195,16030.761719,384.342102,-0.005909,-0.006164,-0.691982,0.721864,23.400000
702,-12615.045898,16031.026367,384.380585,-0.005983,-0.006173,-0.695929,0.718059,23.433333
703,-12609.734375,16031.235352,384.411865,-0.006044,-0.006181,-0.699163,0.714910,23.466667
704,-12604.841797,16031.388672,384.435822,-0.006092,-0.006186,-0.701665,0.712454,23.500000
705,-12600.314453,16031.489258,384.452484,-0.006126,-0.006189,-0.703420,0.710721,23.533333
706,-12596.105469,16031.544922,384.461792,-0.006145,-0.006191,-0.704409,0.709741,23.566667
707,-12592.161133,16031.267578,384.463684,-0.006149,-0.006192,-0.704634,0.709518,23.600000
708,-12588.394531,16024.357422,384.458954,-0.006147,-0.006189,-0.704633,0.709518,23.633333
709,-12584.780273,16008.355469,384.448059,-0.006140,-0.006183,-0.704632,0.709519,23.666667
710,-12581.313477,15983.407227,384.431061,-0.006131,-0.006174,-0.704631,0.709520,23.700000
711,-12577.993164,15949.661133,384.408081,-0.006118,-0.006161,-0.704630,0.709522,23.733333
712,-12574.817383,15907.263672,384.379211,-0.006102,-0.006145,-0.704627,0.709525,23.766667
713,-12571.781250,15856.360352,384.344574,-0.006083,-0.006125,-0.704625,0.709528,23.800000
714,-12568.883789,15797.100586,384.304260,-0.006060,-0.006103,-0.704622,0.709531,23.833333
715,-12566.123047,15729.629883,384.258392,-0.006035,-0.006077,-0.704618,0.709535,23.866667
716,-12563.494141,15654.094727,384.207031,-0.006006,-0.006048,-0.704614,0.709539,23.900000
717,-12560.997070,15570.642578,384.150330,-0.005975,-0.006017,-0.704610,0.709544,23.933333
718,-12558.626953,15479.420898,384.088379,-0.005940,-0.005982,-0.704605,0.709549,23.966667
719,-12556.382812,15380.576172,384.021271,-0.005903,-0.005945,-0.704600,0.709555,24.000000
720,-12554.261719,15274.254883,383.949127,-0.005863,-0.005904,-0.704595,0.709561,24.033333
721,-12552.260742,15160.605469,383.872009,-0.005820,-0.005861,-0.704589,0.709567,24.066667
722,-12550.377930,15039.773438,383.790070,-0.005775,-0.005815,-0.704583,0.709574,24.100000
723,-12548.609375,14911.906250,383.703400,-0.005726,-0.005767,-0.704576,0.709582,24.133333
724,-12546.953125,14777.150391,383.612091,-0.005676,-0.005716,-0.704570,0.709589,24.166667
725,-12545.407227,14635.653320,383.516266,-0.005622,-0.005662,-0.704562,0.709597,24.200000
726,-12543.967773,14487.562500,383.416046,-0.005567,-0.005606,-0.704555,0.709606,24.233333
727,-12542.633789,14333.023438,383.311462,-0.005508,-0.005548,-0.704547,0.709614,24.266667
728,-12541.402344,14172.184570,383.202698,-0.005448,-0.005487,-0.704539,0.709623,24.300000
729,-12540.269531,14005.192383,383.089813,-0.005385,-0.005424,-0.704530,0.709633,24.333333
730,-12539.233398,13832.193359,382.972931,-0.005320,-0.005359,-0.704521,0.709643,24.366667
731,-12538.291992,13653.333984,382.852142,-0.005253,-0.005291,-0.704512,0.709653,24.400000
732,-12537.442383,13468.762695,382.727570,-0.005184,-0.005222,-0.704503,0.709663,24.433333
733,-12536.681641,13278.625000,382.599274,-0.005112,-0.005150,-0.704493,0.709674,24.466667
734,-12536.007812,13083.070312,382.467407,-0.005039,-0.005076,-0.704483,0.709685,24.500000
735,-12535.416992,12882.242188,382.332092,-0.004964,-0.005001,-0.704473,0.709696,24.533333
736,-12534.909180,12676.289062,382.193359,-0.004887,-0.004923,-0.704462,0.709708,24.566667
737,-12534.478516,12465.359375,382.051361,-0.004808,-0.004844,-0.704451,0.709720,24.600000
738,-12534.124023,12249.597656,381.906189,-0.004727,-0.004763,-0.704440,0.709732,24.633333
739,-12533.843750,12029.152344,381.757996,-0.004645,-0.004680,-0.704429,0.709744,24.666667
740,-12533.634766,11804.169922,381.606812,-0.004561,-0.004595,-0.704417,0.709756,24.700000
741,-12533.493164,11574.796875,381.452759,-0.004475,-0.004509,-0.704406,0.709769,24.733333
742,-12533.417969,11341.181641,381.295959,-0.004388,-0.004421,-0.704394,0.709782,24.766667
743,-12533.406250,11103.468750,381.136536,-0.004299,-0.004332,-0.704381,0.709795,24.800000
744,-12533.454102,10861.807617,380.974548,-0.004209,-0.004242,-0.704369,0.709809,24.833333
745,-12533.560547,10616.343750,380.810120,-0.004118,-0.004150,-0.704356,0.709822,24.866667
746,-12533.722656,10367.224609,380.643372,-0.004025,-0.004057,-0.704344,0.709836,24.900000
747,-12533.936523,10114.597656,380.474365,-0.003931,-0.003962,-0.704331,0.709850,24.933333
748,-12534.201172,9858.608398,380.303253,-0.003836,-0.003866,-0.704318,0.709864,24.966667
749,-12534.513672,9599.406250,380.130127,-0.003740,-0.003770,-0.704304,0.709878,25.000000
750,-12534.871094,9337.134766,379.955078,-0.003643,-0.003672,-0.704291,0.709893,25.033333
751,-12535.271484,9071.941406,379.778229,-0.003544,-0.003573,-0.704277,0.709907,25.066667
752,-12535.710938,8803.977539,379.599670,-0.003445,-0.003473,-0.704263,0.709922,25.100000
753,-12536.187500,8533.384766,379.419464,-0.003345,-0.003372,-0.704249,0.709937,25.133333
754,-12536.699219,8260.312500,379.237793,-0.003244,-0.003271,-0.704235,0.709952,25.166667
755,-12537.243164,7984.908691,379.054749,-0.003143,-0.003168,-0.704221,0.709967,25.200000
756,-12537.815430,7707.318359,378.870361,-0.003040,-0.003065,-0.704207,0.709982,25.233333
757,-12538.415039,7427.686523,378.684814,-0.002937,-0.002961,-0.704192,0.709997,25.266667
758,-12539.039062,7146.166016,378.498199,-0.002833,-0.002857,-0.704178,0.710012,25.300000
759,-12539.685547,6862.900391,378.310577,-0.002729,-0.002752,-0.704163,0.710027,25.333333
760,-12540.349609,6578.035156,378.122101,-0.002624,-0.002646,-0.704149,0.710043,25.366667
761,-12541.031250,6291.719727,377.932831,-0.002519,-0.002541,-0.704134,0.710058,25.400000
762,-12541.726562,6004.098633,377.742950,-0.002414,-0.002434,-0.704119,0.710074,25.433333
763,-12542.432617,5715.322266,377.552460,-0.002308,-0.002328,-0.704104,0.710089,25.466667
764,-12543.148438,5425.534180,377.361511,-0.002202,-0.002221,-0.704089,0.710105,25.500000
765,-12543.869141,5134.882812,377.170258,-0.002096,-0.002114,-0.704074,0.710120,25.533333
766,-12544.593750,4843.515625,376.978699,-0.001990,-0.002007,-0.704059,0.710136,25.566667
767,-12545.320312,4551.579102,376.787048,-0.001883,-0.001899,-0.704044,0.710151,25.600000
768,-12546.043945,4259.218750,376.595306,-0.001777,-0.001792,-0.704029,0.710167,25.633333
769,-12546.763672,3966.584961,376.403656,-0.001670,-0.001685,-0.704014,0.710182,25.666667
770,-12547.476562,3673.820312,376.212189,-0.001564,-0.001578,-0.703999,0.710197,25.700000
771,-12548.179688,3381.073242,376.020966,-0.001458,-0.001471,-0.703984,0.710213,25.733333
772,-12548.872070,3088.497070,375.830170,-0.001352,-0.001364,-0.703969,0.710228,25.766667
773,-12549.548828,2796.228516,375.639801,-0.001246,-0.001257,-0.703954,0.710243,25.800000
774,-12550.208008,2504.418945,375.450043,-0.001141,-0.001151,-0.703939,0.710259,25.833333
775,-12550.847656,2213.215820,375.260986,-0.001036,-0.001045,-0.703924,0.710274,25.866667
776,-12551.464844,1922.767578,375.072693,-0.000931,-0.000940,-0.703909,0.710289,25.900000
777,-12552.056641,1633.217773,374.885345,-0.000827,-0.000835,-0.703894,0.710304,25.933333
778,-12552.622070,1344.715820,374.698944,-0.000724,-0.000731,-0.703879,0.710319,25.966667
779,-12553.156250,1057.407227,374.513702,-0.000621,-0.000627,-0.703865,0.710334,26.000000
780,-12553.658203,771.438477,374.329651,-0.000519,-0.000524,-0.703850,0.710348,26.033333
781,-12554.125000,486.959961,374.146912,-0.000418,-0.000421,-0.703836,0.710363,26.066667
782,-12554.552734,204.115234,373.965607,-0.000317,-0.000320,-0.703821,0.710377,26.100000
